{
	"leech_ampule_effect_mod": "Leech Ampule Effect",
	"leech_ampule_effect_desc": "",

	"leech_ampule_effect_enabled": "Enable Mod",
	"leech_ampule_effect_enabled_desc": "Toggle of mod",

	"leech_ampule_effect_cooldown_effect_enabled": "Enable Recharge Effect",
	"leech_ampule_effect_cooldown_effect_enabled_desc": "",
	"leech_ampule_effect_cooldown_effect_color": "Recharge Effect Color",
	"leech_ampule_effect_cooldown_effect_color_desc": "",
	"Lime": "Lime",
	"Cyan": "Cyan",
	"Red": "Red",
	"Yellow": "Yellow",
	"White": "White",


	"leech_ampule_fade_effect_enabled": "Enable Fade Effect",
	"leech_ampule_fade_effect_enabled_desc": "",

	"leech_ampule_end_sfx_enabled": "Enable Effect End Sound",
	"leech_ampule_end_sfx_enabled_desc": "",

    "leech_ampule_effect_reset_options": "Reset Options",
    "leech_ampule_effect_reset_options_desc": "Reset options to default."
}