{
	"leech_ampule_effect_mod": "Leech Ampule Effect",
	"leech_ampule_effect_desc": "",

	"leech_ampule_effect_enabled": "Enable Mod",
	"leech_ampule_effect_enabled_desc": "Toggle of mod",

	"leech_ampule_fade_effect_enabled": "Enable Fade Effect",
	"leech_ampule_fade_effect_enabled_desc": "",
	"leech_ampule_effect_effect_color": "Effect Color",
	"leech_ampule_effect_effect_color_desc" : "Set Effect Color [FADE EFFECT MUST BE DISABLED!]",

	"leech_ampule_effect_cooldown_effect_enabled": "Enable Recharge Effect",
	"leech_ampule_effect_cooldown_effect_enabled_desc": "",
	"leech_ampule_effect_cooldown_effect_color": "Recharge Effect Color",
	"leech_ampule_effect_cooldown_effect_color_desc": "Set Recharge Effect Color",
	"Red" : "Red",
	"Orange" : "Orange",
	"Yellow" : "Yellow",
	"Green" : "Green",
	"Lime" : "Lime",
	"Blue" : "Blue",
	"Cyan" : "Cyan",
	"Purple" : "Purple",
	"Pink" : "Pink",
	"Brown" : "Brown",
	"Grey" : "Grey",
	"White" : "White",
	"Black" : "Black",

	"leech_ampule_end_sfx_enabled": "Enable Effect End Sound",
	"leech_ampule_end_sfx_enabled_desc": "",

    "leech_ampule_effect_reset_options": "Reset Options",
    "leech_ampule_effect_reset_options_desc": "Reset options to default."
}