{
	"leech_ampule_effect_mod": "Leech Ampule Effect",
	"leech_ampule_effect_desc": "",

	"leech_ampule_mod_enabled": "Enable Mod",
	"leech_ampule_mod_enabled_desc": "Toggle of mod",

	"leech_ampule_effect_enabled": "Enabled Leech Effect",
	"leech_ampule_effect_enabled_desc": "",
	"leech_ampule_fade_effect_enabled": "Enable Leech Fade",
	"leech_ampule_fade_effect_enabled_desc": "",
	"leech_ampule_effect_fade_effect_type" : "Leech Fade Type",
	"leech_ampule_effect_fade_effect_type_desc" : "Set Leech Fade Effect Type.",
	"leech_ampule_effect_effect_color": "Leech Effect Color",
	"leech_ampule_effect_effect_color_desc" : "Set Leech Effect Color,",

	"Fade In" : "Fade In",
	"Fade Out" : "Fade Out",

	"Red" : "Red",
	"Orange" : "Orange",
	"Dark Orange" : "Dark Orange",
	"Yellow" : "Yellow",
	"Green" : "Green",
	"Dark Green" : "Dark Green",
	"Lime" : "Lime",
	"Blue" : "Blue",
	"Light Blue" : "Light Blue",
	"Cyan" : "Cyan",
	"Purple" : "Purple",
	"Pink" : "Pink",
	"Hot Pink" : "Hot Pink",
	"Brown" : "Brown",
	"Grey" : "Grey",
	"White" : "White",
	"Black" : "Black",

	"leech_ampule_effect_cooldown_effect_enabled": "Enable Recharge Effect",
	"leech_ampule_effect_cooldown_effect_enabled_desc": "",
	"leech_ampule_effect_cooldown_effect_fade_enabled" : "Enable Recharge Fade",
	"leech_ampule_effect_cooldown_effect_fade_enabled_desc" : "",
	"leech_ampule_effect_cooldown_effect_fade_type" : "Recharge Fade Type",
	"leech_ampule_effect_cooldown_effect_fade_type_desc" : "Set Recharge Fade Effect Type.",
	"leech_ampule_effect_cooldown_effect_color": "Recharge Effect Color",
	"leech_ampule_effect_cooldown_effect_color_desc": "Set Recharge Effect Color.",


	"leech_ampule_end_sfx_enabled": "Enable Effect End Sound",
	"leech_ampule_end_sfx_enabled_desc": "",
	"leech_ampule_effect_end_sfx_sound" : "Effect End Sound",
	"leech_ampule_effect_end_sfx_sound_desc" : "Set end effect sound. [To customize sfx goto 'mods/LeechAmpuleEffect/assets/sounds/' and read the text file.]",
	"SFX 1" : "SFX 1",
	"SFX 2" : "SFX 2", 
	"SFX 3" : "SFX 3",
	"SFX Custom" : "SFX Custom",

    "leech_ampule_effect_reset_options": "Reset Options",
    "leech_ampule_effect_reset_options_desc": "Reset options to default."
}